Step,Tool_Required,Time_Required,Cost,Expected_Outcome
1. Create Templates,Canva (Free),4-6 hours,$0,5-10 planner templates ready
2. Choose Platform,Gumroad/Payhip,30 minutes,$0,Platform selected based on needs
3. Set Up Store,Same Platform,2-3 hours,$0,Store ready to accept payments
4. Design Freemium Tiers,Platform Settings,1 hour,$0,Free/Basic/Pro tiers configured
5. Launch Social Media,Instagram/Pinterest,1 hour,$0,Social presence established
6. Start Email List,Mailchimp (Free),1 hour,$0,Email capture system active
7. Create Content,Social Media,Ongoing,$0,Regular content driving traffic
8. Optimize & Scale,Analytics Tools,Ongoing,$0,Optimized for maximum revenue
